City_ID,City,Country,Date,Lat,Lng,Max Temp,Humidity,Cloudiness,Wind Speed
0,Santa Rosa,PH,2022-02-01 16:27:39,14.3122,121.1114,78.78,74,51,12.01
1,Barrow,US,2022-02-01 16:27:40,71.2906,-156.7887,-14.78,76,0,0.0
2,Pacific Grove,US,2022-02-01 16:27:40,36.6177,-121.9166,49.44,93,0,1.01
3,Port Alfred,ZA,2022-02-01 16:27:40,-33.5906,26.891,78.8,78,100,11.59
4,Vaini,TO,2022-02-01 16:27:41,-21.2,-175.2,75.36,94,20,3.44
5,Anton Lizardo,MX,2022-02-01 16:27:41,19.05,-95.9833,76.21,77,93,4.9
6,Mount Gambier,AU,2022-02-01 16:27:41,-37.8333,140.7667,48.11,71,75,6.91
7,Busselton,AU,2022-02-01 16:24:19,-33.65,115.3333,62.04,59,0,20.58
8,Shaoyang,CN,2022-02-01 16:27:42,27.2315,111.4525,37.0,97,100,3.31
9,Cape Town,ZA,2022-02-01 16:26:28,-33.9258,18.4232,82.11,45,23,1.01
10,Souillac,MU,2022-02-01 16:27:42,-20.5167,57.5167,80.37,94,75,19.57
11,Bluff,NZ,2022-02-01 16:27:43,-46.6,168.3333,61.81,92,56,9.04
12,Lebu,CL,2022-02-01 16:27:43,-37.6167,-73.65,65.95,66,1,11.63
13,Kapaa,US,2022-02-01 16:27:00,22.0752,-159.319,65.12,75,75,5.75
14,Ribeira Grande,PT,2022-02-01 16:27:44,38.5167,-28.7,63.0,72,20,23.02
15,Kloulklubed,PW,2022-02-01 16:27:44,7.0419,134.2556,79.3,76,100,18.68
16,Hermanus,ZA,2022-02-01 16:27:44,-34.4187,19.2345,81.9,76,3,6.58
17,Faanui,PF,2022-02-01 16:27:45,-16.4833,-151.75,81.07,74,7,18.68
18,Ushuaia,AR,2022-02-01 16:27:45,-54.8,-68.3,46.02,81,75,29.93
19,Clyde River,CA,2022-02-01 16:27:45,70.4692,-68.5914,-23.57,69,20,5.75
20,Luganville,VU,2022-02-01 16:27:46,-15.5333,167.1667,77.49,86,91,3.76
21,Puerto Ayora,EC,2022-02-01 16:27:46,-0.7393,-90.3518,82.36,83,87,5.01
22,Faya,SA,2022-02-01 16:27:46,18.3851,42.4509,59.11,65,6,3.8
23,Molina,CL,2022-02-01 16:27:47,-35.1167,-71.2833,78.53,31,0,3.44
24,Jamestown,US,2022-02-01 16:26:54,42.097,-79.2353,33.39,46,0,11.99
25,Salvador,SV,2022-02-01 16:25:07,13.8333,-88.9167,80.06,42,8,0.38
26,Atuona,PF,2022-02-01 16:27:47,-9.8,-139.0333,78.19,77,15,20.69
27,Saint Anthony,US,2022-02-01 16:27:48,45.0205,-93.218,19.65,71,100,7.0
28,Mataura,NZ,2022-02-01 16:27:48,-46.1927,168.8643,61.48,95,42,4.03
29,Bredasdorp,ZA,2022-02-01 16:26:24,-34.5322,20.0403,76.28,49,1,12.62
30,Flin Flon,CA,2022-02-01 16:27:48,54.7682,-101.865,-14.96,64,20,14.97
31,Rikitea,PF,2022-02-01 16:24:59,-23.1203,-134.9692,77.83,68,28,7.78
32,Iskateley,RU,2022-02-01 16:27:49,67.6803,53.1512,-5.82,99,100,6.04
33,Contamana,PE,2022-02-01 16:27:49,-7.3333,-75.0167,92.82,35,69,6.35
34,Palmer,US,2022-02-01 16:27:49,42.1584,-72.3287,31.77,54,75,1.99
35,Lixourion,GR,2022-02-01 16:27:50,38.2019,20.4314,54.99,77,100,20.69
36,Lac-Megantic,CA,2022-02-01 16:27:50,45.5834,-70.8823,21.22,79,31,5.08
37,Brae,GB,2022-02-01 16:27:50,60.3964,-1.353,42.71,79,74,34.31
38,Chicama,PE,2022-02-01 16:27:51,-7.8447,-79.1469,68.54,56,91,8.75
39,Talnakh,RU,2022-02-01 16:26:34,69.4865,88.3972,6.21,95,100,9.26
40,Maniitsoq,GL,2022-02-01 16:27:51,65.4167,-52.9,9.57,83,100,2.73
41,Albany,US,2022-02-01 16:25:36,42.6001,-73.9662,33.8,52,7,1.99
42,Tezu,IN,2022-02-01 16:28:52,27.9167,96.1667,52.74,95,99,3.4
43,Byron Bay,AU,2022-02-01 16:28:52,-28.65,153.6167,78.75,86,94,8.63
44,Harper,LR,2022-02-01 16:28:52,4.375,-7.7169,83.8,66,84,10.94
45,Anadyr,RU,2022-02-01 16:28:53,64.75,177.4833,18.1,62,20,26.84
46,Mantua,IT,2022-02-01 16:28:53,45.1667,10.7833,57.52,43,0,1.01
47,Ambilobe,MG,2022-02-01 16:28:53,-13.2,49.05,75.2,93,100,1.77
48,Canguaretama,BR,2022-02-01 16:28:54,-6.38,-35.1289,90.09,56,32,13.27
49,Necochea,AR,2022-02-01 16:28:54,-38.5473,-58.7368,89.04,28,0,19.98
50,Punta Arenas,CL,2022-02-01 16:28:54,-53.15,-70.9167,51.82,57,40,35.68
51,Lavrentiya,RU,2022-02-01 16:28:55,65.5833,-171.0,4.01,68,13,19.33
52,San Javier,ES,2022-02-01 16:28:55,37.8063,-0.8374,65.8,60,0,3.44
53,Tuapse,RU,2022-02-01 16:28:55,44.1125,39.0742,40.93,89,100,9.57
54,Bambous Virieux,MU,2022-02-01 16:27:42,-20.3428,57.7575,80.22,94,75,19.57
55,San Patricio,US,2022-02-01 16:28:56,28.017,-97.5169,64.92,74,100,6.73
56,Alice Springs,AU,2022-02-01 16:28:56,-23.7,133.8833,74.75,100,40,5.75
57,Saint-Philippe,RE,2022-02-01 16:28:56,-21.3585,55.7679,81.95,86,54,17.69
58,Castlerea,IE,2022-02-01 16:28:57,53.7667,-8.5,50.02,88,100,16.64
59,Ostrovnoy,RU,2022-02-01 16:28:57,68.0531,39.5131,12.49,93,100,4.68
60,Kapit,MY,2022-02-01 16:28:57,2.0167,112.9333,72.52,99,97,1.21
61,Sinnamary,GF,2022-02-01 16:28:58,5.3833,-52.95,81.41,73,31,11.23
62,Hasaki,JP,2022-02-01 16:28:58,35.7333,140.8333,36.0,50,2,20.8
63,Kjollefjord,NO,2022-02-01 16:28:58,70.9457,27.3465,21.25,62,0,9.22
64,Pozo Colorado,PY,2022-02-01 16:28:58,-23.4923,-58.7972,104.45,15,0,6.53
65,Yeroham,IL,2022-02-01 16:28:59,30.9872,34.9314,48.54,56,11,7.0
66,Kodiak,US,2022-02-01 16:28:59,57.79,-152.4072,35.11,93,100,21.85
67,Guantanamo,CU,2022-02-01 16:28:59,20.1444,-75.2092,81.97,51,31,10.98
68,Ponta Do Sol,PT,2022-02-01 16:29:00,32.6667,-17.1,76.12,27,10,14.34
69,Chauk,MM,2022-02-01 16:29:00,20.8833,94.8167,65.82,33,12,4.99
70,Arraial Do Cabo,BR,2022-02-01 16:28:55,-22.9661,-42.0278,85.96,74,75,12.66
71,Gummidipundi,IN,2022-02-01 16:29:00,13.4,80.15,78.98,66,0,6.73
72,Mahebourg,MU,2022-02-01 16:28:46,-20.4081,57.7,80.26,94,75,19.57
73,Otacilio Costa,BR,2022-02-01 16:29:01,-27.4831,-50.1219,86.76,31,6,1.92
74,Vila Franca Do Campo,PT,2022-02-01 16:29:01,37.7167,-25.4333,66.2,68,56,12.59
75,Qaqortoq,GL,2022-02-01 16:29:01,60.7167,-46.0333,19.9,90,62,3.69
76,Saldanha,ZA,2022-02-01 16:29:02,-33.0117,17.9442,75.25,82,19,11.03
77,Aklavik,CA,2022-02-01 16:29:02,68.2191,-135.0107,-10.37,76,75,2.3
78,Thompson,CA,2022-02-01 16:29:02,55.7435,-97.8558,-20.04,69,75,13.8
79,Araouane,ML,2022-02-01 16:29:03,18.9048,-3.5265,83.68,7,46,15.59
80,Sao Gabriel Da Cachoeira,BR,2022-02-01 16:29:03,-0.1303,-67.0892,89.4,62,40,4.61
81,Barra Do Garcas,BR,2022-02-01 16:29:03,-15.89,-52.2567,79.05,79,100,4.56
82,Rizhao,CN,2022-02-01 16:29:04,35.4275,119.4553,30.13,47,97,2.98
83,Torbay,CA,2022-02-01 16:29:04,47.6666,-52.7314,28.27,54,40,21.85
84,Gorontalo,ID,2022-02-01 16:29:04,0.5412,123.0595,73.62,95,85,4.14
85,Atar,MR,2022-02-01 16:29:05,20.5169,-13.0499,90.7,7,85,16.87
86,Cherskiy,RU,2022-02-01 16:26:27,68.75,161.3,-6.07,81,100,1.72
87,La Ronge,CA,2022-02-01 16:29:05,55.1001,-105.2842,-14.55,70,0,9.22
88,White Settlement,US,2022-02-01 16:28:50,32.7596,-97.4584,63.39,82,100,1.01
89,Namatanai,PG,2022-02-01 16:29:05,-3.6667,152.4333,77.58,86,90,5.68
90,Matata,NZ,2022-02-01 16:29:06,-37.8833,176.75,70.59,89,95,10.65
91,Tuktoyaktuk,CA,2022-02-01 16:30:06,69.4541,-133.0374,-23.8,76,0,2.3
92,New Norfolk,AU,2022-02-01 16:26:52,-42.7826,147.0587,51.71,53,51,1.99
93,Bandarbeyla,SO,2022-02-01 16:30:07,9.4942,50.8122,76.96,80,82,16.62
94,Severo-Kurilsk,RU,2022-02-01 16:30:08,50.6789,156.125,24.82,78,37,8.21
95,North Bend,US,2022-02-01 16:30:09,43.4065,-124.2243,35.92,93,75,5.75
96,Payo,ID,2022-02-01 16:30:10,-3.7508,103.6372,72.86,99,100,1.97
97,Esmeraldas,BR,2022-02-01 16:30:11,-19.7625,-44.3139,85.24,77,97,5.95
98,Aleksandrov Gay,RU,2022-02-01 16:30:11,50.147,48.5704,27.81,93,100,10.36
99,Kavieng,PG,2022-02-01 16:30:12,-2.5744,150.7967,77.59,87,100,8.72
100,Srednekolymsk,RU,2022-02-01 16:30:13,67.45,153.6833,-22.09,97,100,4.63
101,Port Elizabeth,ZA,2022-02-01 16:30:13,-33.918,25.5701,81.1,69,20,4.61
102,Linares,CL,2022-02-01 16:30:13,-35.85,-71.6,88.03,16,33,5.08
103,Moron,AR,2022-02-01 16:30:13,-34.6534,-58.6198,82.02,45,0,5.01
104,Hithadhoo,MV,2022-02-01 16:30:14,-0.6,73.0833,82.92,72,14,13.71
105,Carnarvon,AU,2022-02-01 16:30:14,-24.8667,113.6333,77.07,83,43,20.71
106,Fortuna,US,2022-02-01 16:30:14,40.5982,-124.1573,38.32,82,0,8.05
107,Buin,CL,2022-02-01 16:30:15,-33.7333,-70.75,82.06,23,100,9.6
108,Road Town,VG,2022-02-01 16:25:42,18.4167,-64.6167,82.44,69,40,6.91
109,Chuy,UY,2022-02-01 16:30:15,-33.6971,-53.4616,75.79,38,0,5.46
110,Aginskoye,RU,2022-02-01 16:30:16,51.1,114.53,-13.95,95,10,5.97
111,Aswan,EG,2022-02-01 16:30:16,24.0934,32.907,67.3,37,0,5.75
112,Manggar,ID,2022-02-01 16:30:16,-2.8833,108.2667,78.3,82,90,5.99
113,College,US,2022-02-01 16:30:17,64.8569,-147.8028,-0.74,73,0,4.61
114,Kaoma,ZM,2022-02-01 16:30:17,-14.7833,24.8,67.21,89,25,3.0
115,Vakhrushev,RU,2022-02-01 16:30:17,48.9833,142.9667,3.4,90,81,6.53
116,Sioux Lookout,CA,2022-02-01 16:30:18,50.1001,-91.917,24.87,86,100,11.5
117,Dalbandin,PK,2022-02-01 16:30:18,28.8947,64.4101,61.21,23,0,2.39
118,Haines Junction,CA,2022-02-01 16:30:18,60.7522,-137.5108,-41.85,66,90,0.0
119,Smithers,CA,2022-02-01 16:30:10,54.7804,-127.1743,17.92,86,75,0.0
120,Shirokiy,RU,2022-02-01 16:30:19,49.758,129.523,-15.47,99,23,5.68
121,Yerofey Pavlovich,RU,2022-02-01 16:30:19,53.9667,121.9667,-11.94,95,91,3.53
122,Port Lincoln,AU,2022-02-01 16:30:19,-34.7333,135.8667,60.01,59,2,17.94
123,Hobart,AU,2022-02-01 16:30:19,-42.8794,147.3294,52.05,59,45,1.01
124,Kutum,SD,2022-02-01 16:30:20,14.2,24.6667,64.69,18,0,10.16
125,Emmen,NL,2022-02-01 16:30:20,52.7792,6.9069,48.27,90,100,8.99
126,Lagoa,PT,2022-02-01 16:30:21,39.05,-27.9833,59.07,78,24,17.85
127,Saskylakh,RU,2022-02-01 16:30:21,71.9167,114.0833,-28.19,100,52,1.61
128,Bubaque,GW,2022-02-01 16:30:21,11.2833,-15.8333,79.43,72,15,12.55
129,Luderitz,NA,2022-02-01 16:30:22,-26.6481,15.1594,67.96,82,43,9.4
130,Wenling,CN,2022-02-01 16:30:22,28.3669,121.36,40.91,94,100,11.88
131,Prince Rupert,CA,2022-02-01 16:29:01,54.3161,-130.3201,37.09,93,75,4.61
132,Chokurdakh,RU,2022-02-01 16:30:23,70.6333,147.9167,-19.52,97,100,1.23
133,Tuensang,IN,2022-02-01 16:30:23,26.2833,94.8333,48.67,98,96,1.1
134,Assare,BR,2022-02-01 16:30:23,-6.8744,-39.875,94.69,26,17,8.52
135,Castro,BR,2022-02-01 16:30:23,-24.7911,-50.0119,78.31,60,35,0.69
136,Kvitok,RU,2022-02-01 16:30:24,56.0724,98.4813,0.03,98,94,2.1
137,Quatre Cocos,MU,2022-02-01 16:30:24,-20.2078,57.7625,79.09,90,100,27.85
138,Livingston,GB,2022-02-01 16:28:52,55.9029,-3.5226,48.79,61,40,20.71
139,Khatanga,RU,2022-02-01 16:31:25,71.9667,102.5,-34.91,100,20,3.51
140,Wamba,NG,2022-02-01 16:31:25,8.9333,8.6,87.24,11,1,4.61
141,Arlit,NE,2022-02-01 16:31:25,18.7369,7.3853,70.74,8,0,5.06
142,Mayo,US,2022-02-01 16:31:26,38.8876,-76.5119,40.08,63,0,3.0
143,Kruisfontein,ZA,2022-02-01 16:31:26,-34.0033,24.7314,78.89,69,33,7.78
144,Marawi,PH,2022-02-01 16:31:26,7.9986,124.2928,67.64,95,100,1.32
145,Kailua,US,2022-02-01 16:31:27,21.4022,-157.7394,73.38,86,20,6.91
146,Korem,ET,2022-02-01 16:31:27,12.5058,39.5228,54.82,73,73,9.26
147,Upata,VE,2022-02-01 16:31:27,8.0086,-62.3989,90.48,37,44,7.16
148,Kazachinskoye,RU,2022-02-01 16:31:28,57.6953,93.2761,-6.45,100,86,2.35
149,Curanilahue,CL,2022-02-01 16:31:28,-37.4667,-73.35,77.85,31,1,6.24
150,Tiksi,RU,2022-02-01 16:26:32,71.6872,128.8694,-17.01,100,100,3.53
151,Arrecife,ES,2022-02-01 16:31:28,28.963,-13.5477,69.78,60,0,14.97
152,Saint George,US,2022-02-01 16:31:29,37.1041,-113.5841,45.07,34,0,1.99
153,Poum,NC,2022-02-01 16:31:29,-20.2333,164.0167,80.02,76,32,12.73
154,Awbari,LY,2022-02-01 16:31:29,26.5921,12.7805,60.37,18,0,11.21
155,Qaanaaq,GL,2022-02-01 16:28:06,77.484,-69.3632,-14.17,87,100,8.34
156,Salyan,AZ,2022-02-01 16:31:30,39.5936,48.9805,43.93,78,0,10.89
157,Golspie,GB,2022-02-01 16:31:30,57.9727,-3.978,46.96,75,72,26.6
158,Kaitangata,NZ,2022-02-01 16:28:10,-46.2817,169.8464,58.53,97,67,4.21
159,Asau,RO,2022-02-01 16:27:40,46.4333,26.4,33.4,86,100,0.96
160,Hailar,CN,2022-02-01 16:31:31,49.2,119.7,-25.31,100,77,3.62
161,Te Anau,NZ,2022-02-01 16:28:18,-45.4167,167.7167,60.82,98,100,2.84
162,Keramoti,GR,2022-02-01 16:31:31,40.8583,24.7061,49.1,87,100,9.22
163,Cap-Aux-Meules,CA,2022-02-01 16:31:31,47.3821,-61.8597,19.45,62,75,12.66
164,Nanortalik,GL,2022-02-01 16:31:32,60.1432,-45.2371,14.99,78,15,12.91
165,Yulara,AU,2022-02-01 16:31:32,-25.2406,130.9889,67.84,100,100,11.5
166,Acari,PE,2022-02-01 16:31:32,-15.4311,-74.6158,82.08,55,59,11.21
167,Bluefields,NI,2022-02-01 16:31:33,12.0137,-83.7635,77.07,83,75,4.61
168,Teya,RU,2022-02-01 16:31:33,60.3778,92.6267,-4.29,100,87,3.89
169,Mocuba,MZ,2022-02-01 16:31:33,-16.8392,36.9856,76.1,87,44,5.39
170,Dubbo,AU,2022-02-01 16:31:34,-32.25,148.6167,73.53,94,100,4.61
171,Norman Wells,CA,2022-02-01 16:31:34,65.282,-126.8329,-16.56,69,75,2.3
172,Kaeo,NZ,2022-02-01 16:28:54,-35.1,173.7833,70.32,91,100,13.04
173,Landskrona,SE,2022-02-01 16:31:35,55.8708,12.8302,43.18,82,97,28.14
174,Mikuni,JP,2022-02-01 16:31:35,36.2171,136.1519,40.91,84,96,23.8
175,Ust-Maya,RU,2022-02-01 16:31:35,60.4167,134.5333,-15.32,99,100,3.13
176,Port Shepstone,ZA,2022-02-01 16:31:35,-30.7414,30.455,78.3,85,100,15.23
177,Narsaq,GL,2022-02-01 16:31:36,60.9167,-46.05,19.62,88,79,2.64
178,Brainerd,US,2022-02-01 16:31:36,46.358,-94.2008,17.62,62,100,17.27
179,Hit,IQ,2022-02-01 16:31:36,33.6416,42.8251,52.83,59,1,5.5
180,Abu Samrah,SY,2022-02-01 16:31:37,35.3029,37.1841,50.94,70,56,5.37
181,Yerbogachen,RU,2022-02-01 16:31:37,61.2767,108.0108,-25.44,100,73,1.9
182,Monrovia,LR,2022-02-01 16:31:38,6.3005,-10.7969,89.37,67,74,13.78
183,Taoudenni,ML,2022-02-01 16:31:19,22.6783,-3.9836,82.56,13,33,13.87
184,Rio De Janeiro,BR,2022-02-01 16:31:14,-22.9028,-43.2075,91.4,54,75,14.97
185,Ulaangom,MN,2022-02-01 16:31:38,49.9811,92.0667,-22.97,90,77,3.2
186,Kahului,US,2022-02-01 16:31:38,20.8947,-156.47,69.06,82,0,3.44
187,Kyren,RU,2022-02-01 16:32:39,51.6828,102.1408,-0.45,89,50,2.21
188,Kirakira,SB,2022-02-01 16:32:39,-10.4544,161.9205,78.8,84,100,2.62
189,Champasak,LA,2022-02-01 16:32:40,14.75,106.0,76.64,67,90,2.39
190,Shimoda,JP,2022-02-01 16:32:40,34.6667,138.95,39.11,67,5,29.48
191,Tamworth,GB,2022-02-01 16:32:40,52.634,-1.6959,55.72,70,88,8.99
192,Praxedis Guerrero,MX,2022-02-01 16:32:41,31.3667,-106.0167,59.29,26,49,9.46
193,Jalu,LY,2022-02-01 16:32:41,29.0331,21.5482,61.09,33,63,10.16
194,Zyryanka,RU,2022-02-01 16:32:41,65.75,150.85,-10.03,93,100,15.35
195,Itoman,JP,2022-02-01 16:32:42,26.1247,127.6694,64.78,72,100,9.22
196,Rabo De Peixe,PT,2022-02-01 16:32:42,37.8,-25.5833,65.28,92,20,16.11
197,Hamilton,US,2022-02-01 16:32:42,39.1834,-84.5333,50.74,52,75,1.01
198,Provideniya,RU,2022-02-01 16:32:43,64.3833,-173.3,6.48,69,26,21.99
199,Havoysund,NO,2022-02-01 16:32:43,70.9963,24.6622,22.08,70,89,10.02
200,Wilmington,US,2022-02-01 16:30:06,34.2257,-77.9447,53.85,51,0,11.5
201,Kungurtug,RU,2022-02-01 16:32:43,50.5994,97.5228,-17.25,99,63,1.86
202,Peniche,PT,2022-02-01 16:32:44,39.3558,-9.3811,68.88,60,0,7.23
203,Kyabe,TD,2022-02-01 16:32:44,9.4515,18.9449,84.34,13,51,2.19
204,Bontang,ID,2022-02-01 16:32:44,0.1333,117.5,78.06,87,100,9.95
205,Yellowknife,CA,2022-02-01 16:32:45,62.456,-114.3525,-27.58,75,0,9.22
206,Avigliana,IT,2022-02-01 16:32:45,45.0771,7.3986,52.47,27,0,6.91
207,Arinos,BR,2022-02-01 16:32:45,-15.9169,-46.1056,87.4,52,92,4.21
208,San Luis,AR,2022-02-01 16:31:31,-33.295,-66.3356,91.31,27,0,11.95
209,Georgetown,MY,2022-02-01 16:32:46,5.4112,100.3354,85.95,82,20,5.01
210,Nikolskoye,RU,2022-02-01 16:32:46,59.7035,30.7861,26.49,98,99,2.13
211,Puerto Del Rosario,ES,2022-02-01 16:32:47,28.5004,-13.8627,69.48,68,0,5.75
212,Port Arthur,CN,2022-02-01 16:32:47,38.8,121.2667,12.42,53,0,9.89
213,Hilo,US,2022-02-01 16:29:40,19.7297,-155.09,67.24,84,100,6.91
214,Jining,CN,2022-02-01 16:32:47,35.405,116.5814,32.27,34,100,3.38
215,Guerrero Negro,MX,2022-02-01 16:32:48,27.9769,-114.0611,61.66,66,96,11.43
216,Kavaratti,IN,2022-02-01 16:32:48,10.5669,72.642,80.64,69,14,6.46
217,Honningsvag,NO,2022-02-01 16:32:48,70.9821,25.9704,20.95,68,48,21.85
218,Houma,US,2022-02-01 16:29:44,29.5958,-90.7195,66.2,73,75,20.71
219,Hami,CN,2022-02-01 16:32:49,42.8,93.45,23.18,33,15,3.42
220,Qovlar,AZ,2022-02-01 16:32:49,40.948,45.735,45.45,43,0,6.8
221,Tasiilaq,GL,2022-02-01 16:32:49,65.6145,-37.6368,6.96,73,92,6.31
222,Kimbe,PG,2022-02-01 16:32:50,-5.5502,150.1429,75.58,94,100,1.74
223,Bethel,US,2022-02-01 16:29:36,41.3712,-73.414,34.05,57,0,3.44
224,Aykhal,RU,2022-02-01 16:32:50,66.0,111.5,-23.91,100,27,3.42
225,Damaturu,NG,2022-02-01 16:32:51,11.747,11.9608,76.95,14,0,8.81
226,Juneau,US,2022-02-01 16:30:09,58.3019,-134.4197,23.05,89,20,0.0
227,Nefteyugansk,RU,2022-02-01 16:32:51,61.0998,72.6035,-8.86,98,92,7.07
228,Mahon,ES,2022-02-01 16:32:52,39.8885,4.2658,54.16,58,20,19.57
229,Hirara,JP,2022-02-01 16:32:52,24.8,125.2833,68.63,65,35,16.37
230,Puerto Leguizamo,CO,2022-02-01 16:32:52,-0.1934,-74.7819,86.27,50,92,2.35
231,Mar Del Plata,AR,2022-02-01 16:32:53,-38.0023,-57.5575,78.87,50,0,25.01
232,Thika,KE,2022-02-01 16:33:53,-1.0333,37.0693,76.57,72,100,3.96
233,Awassa,ET,2022-02-01 16:33:53,7.05,38.4667,67.32,36,79,4.85
234,East London,ZA,2022-02-01 16:30:10,-33.0153,27.9116,76.14,88,75,5.75
235,Rio Claro,BR,2022-02-01 16:33:54,-22.4114,-47.5614,78.62,93,100,2.33
236,Mandurah,AU,2022-02-01 16:33:54,-32.55,115.7,70.21,54,11,23.67
237,Nioro,GM,2022-02-01 16:33:54,13.35,-15.75,102.58,7,4,13.47
238,Kemalpasa,TR,2022-02-01 16:33:55,38.4262,27.4173,52.38,86,100,5.08
239,Constantine,DZ,2022-02-01 16:33:55,36.365,6.6147,45.81,57,75,21.85
240,Kristiinankaupunki,FI,2022-02-01 16:33:55,62.2743,21.376,8.85,98,94,4.94
241,Yar-Sale,RU,2022-02-01 16:33:56,66.8333,70.8333,-15.65,99,66,6.73
242,Upernavik,GL,2022-02-01 16:33:56,72.7868,-56.1549,-17.91,77,100,5.95
243,Butaritari,KI,2022-02-01 16:33:56,3.0707,172.7902,81.28,77,98,12.66
244,Sakakah,SA,2022-02-01 16:33:57,29.9697,40.2064,54.97,40,0,6.8
245,Longyearbyen,SJ,2022-02-01 16:33:57,78.2186,15.6401,21.04,63,20,10.36
246,Albion,US,2022-02-01 16:33:57,42.2431,-84.753,42.85,59,0,14.97
247,Kuusamo,FI,2022-02-01 16:33:58,65.9667,29.1833,12.24,92,100,4.61
248,Yumen,CN,2022-02-01 16:33:58,40.2833,97.2,18.93,28,67,1.57
249,Disna,BY,2022-02-01 16:33:58,55.568,28.1971,21.24,96,99,6.24
250,Raga,SS,2022-02-01 16:33:59,8.4596,25.678,77.02,19,2,4.03
251,San Jose,US,2022-02-01 16:33:06,37.3394,-121.895,51.26,86,40,1.99
252,Cidreira,BR,2022-02-01 16:31:53,-30.1811,-50.2056,75.85,63,91,9.06
253,Plettenberg Bay,ZA,2022-02-01 16:33:59,-34.0527,23.3716,77.0,80,54,4.07
254,Hienghene,NC,2022-02-01 16:34:00,-20.6833,164.9333,77.58,80,80,1.83
255,Avera,US,2022-02-01 16:34:00,33.194,-82.5271,54.91,56,0,10.54
256,Batagay-Alyta,RU,2022-02-01 16:34:00,67.8006,130.4114,-17.61,97,97,1.86
257,Sarab,IR,2022-02-01 16:34:01,38.6066,44.9883,21.88,79,5,5.26
258,Pemangkat,ID,2022-02-01 16:34:01,1.1667,108.9667,77.34,89,42,8.93
259,Evanston,US,2022-02-01 16:31:28,42.0411,-87.6901,44.98,63,40,4.0
260,Topchikha,RU,2022-02-01 16:34:02,52.8192,83.1185,14.58,99,49,2.84
261,Sorong,ID,2022-02-01 16:34:02,-0.8833,131.25,79.32,78,100,9.4
262,Podor,MR,2022-02-01 16:34:02,16.6527,-14.9587,102.15,12,0,2.3
263,Morant Bay,JM,2022-02-01 16:34:03,17.8815,-76.4093,83.82,69,23,9.33
264,Tanggu,CN,2022-02-01 16:34:03,39.0211,117.6469,15.76,47,0,6.73
265,Manhush,UA,2022-02-01 16:34:03,47.0558,37.3107,35.53,100,100,7.99
266,Katsuura,JP,2022-02-01 16:34:04,35.1333,140.3,48.22,53,12,10.94
267,Jiayuguan,CN,2022-02-01 16:34:04,39.8167,98.3,19.92,30,97,2.37
268,Aripuana,BR,2022-02-01 16:34:04,-9.1667,-60.6333,83.64,69,100,2.26
269,Mareeba,AU,2022-02-01 16:34:05,-17.0,145.4333,74.44,96,99,2.44
270,Basco,PH,2022-02-01 16:34:05,20.4487,121.9702,72.75,77,100,18.48
271,Pevek,RU,2022-02-01 16:34:05,69.7008,170.3133,-13.43,88,85,1.81
272,Namibe,AO,2022-02-01 16:34:06,-15.1961,12.1522,75.92,64,22,13.04
273,Magistralnyy,RU,2022-02-01 16:34:06,56.1725,107.4458,-12.57,100,93,2.73
274,Odweyne,SO,2022-02-01 16:34:06,9.4092,45.064,69.49,65,28,12.19
275,Valdivia,CL,2022-02-01 16:34:07,-39.8142,-73.2459,71.69,42,55,5.32
276,Bridlington,GB,2022-02-01 16:34:07,54.0831,-0.1919,51.98,68,97,25.75
277,Yongchang,CN,2022-02-01 16:34:07,30.0381,119.7317,35.87,99,99,4.88
278,Rodrigues Alves,BR,2022-02-01 16:35:08,-7.738,-72.6509,86.2,45,36,4.63
279,Muros,ES,2022-02-01 16:35:08,42.7762,-9.0603,65.68,51,1,7.34
280,Tobol,KZ,2022-02-01 16:35:08,52.6844,62.5794,16.43,90,92,10.16
281,Wynyard,AU,2022-02-01 16:35:09,-41.0,145.7167,53.96,72,28,9.71
282,Codrington,AU,2022-02-01 16:35:09,-38.2667,141.9667,56.23,55,47,14.0
283,Cabo San Lucas,MX,2022-02-01 16:35:09,22.8909,-109.9124,71.51,52,0,3.44
284,Nueve De Julio,AR,2022-02-01 16:35:10,-35.4444,-60.8831,81.72,39,0,8.88
285,Pandan,PH,2022-02-01 16:35:10,14.0453,124.1694,77.11,87,98,16.08
286,Aljezur,PT,2022-02-01 16:35:10,37.3191,-8.8033,60.06,52,0,4.52
287,Isangel,VU,2022-02-01 16:35:11,-19.55,169.2667,77.83,88,100,3.62
288,Acapulco,MX,2022-02-01 16:32:41,16.8634,-99.8901,80.42,69,0,0.0
289,Azul,AR,2022-02-01 16:35:11,-36.777,-59.8585,82.27,33,6,14.14
290,Roanoke Rapids,US,2022-02-01 16:35:11,36.4615,-77.6542,44.46,75,0,6.91
291,Xixiang,CN,2022-02-01 16:35:12,35.1628,112.865,33.37,53,100,3.22
292,Coquimbo,CL,2022-02-01 16:35:12,-29.9533,-71.3436,65.93,72,100,8.05
293,Davenport,US,2022-02-01 16:31:14,41.5236,-90.5776,44.44,73,0,8.01
294,Pangnirtung,CA,2022-02-01 16:35:12,66.1451,-65.7125,-27.4,75,0,2.3
295,Grindavik,IS,2022-02-01 16:35:13,63.8424,-22.4338,30.67,100,100,14.97
296,Solwezi,ZM,2022-02-01 16:35:13,-12.1688,26.3894,64.38,94,93,3.65
297,Sobolevo,RU,2022-02-01 16:35:13,54.4299,31.8996,19.31,93,98,10.45
298,Gat,IL,2022-02-01 16:35:14,31.61,34.7642,54.39,100,7,6.24
299,Krasnoselkup,RU,2022-02-01 16:35:14,65.7,82.4667,2.7,97,98,8.88
300,Thinadhoo,MV,2022-02-01 16:35:14,0.5333,72.9333,83.39,72,92,13.69
301,Rio Gallegos,AR,2022-02-01 16:35:15,-51.6226,-69.2181,57.25,24,75,49.48
302,Victoria,HK,2022-02-01 16:32:47,22.2855,114.1577,61.32,84,100,1.01
303,Pailon,BO,2022-02-01 16:35:15,-17.65,-62.75,87.48,55,100,5.88
304,Caconde,BR,2022-02-01 16:34:30,-21.5294,-46.6439,74.1,85,94,5.03
305,Ancud,CL,2022-02-01 16:30:36,-41.8697,-73.8203,65.73,77,91,8.08
306,Kieta,PG,2022-02-01 16:34:21,-6.2167,155.6333,79.2,87,100,4.59
307,Baiyin,CN,2022-02-01 16:35:16,36.5583,104.2081,14.88,37,75,1.59
308,Pisco,PE,2022-02-01 16:35:16,-13.7,-76.2167,75.25,69,40,5.75
309,Verkhnyaya Inta,RU,2022-02-01 16:35:16,65.9811,60.3094,-6.29,94,23,5.17
310,Hovin,NO,2022-02-01 16:35:17,63.1055,10.225,23.95,80,100,9.44
311,Rincon,US,2022-02-01 16:35:17,32.296,-81.2354,61.92,62,20,1.01
312,Iqaluit,CA,2022-02-01 16:35:18,63.7506,-68.5145,-23.31,74,75,0.0
313,Poya,NC,2022-02-01 16:35:18,-21.35,165.15,75.11,88,45,4.18
314,Dingle,PH,2022-02-01 16:35:18,10.9995,122.6711,73.71,94,89,7.52
315,Tura,IN,2022-02-01 16:35:19,25.5198,90.2201,53.96,68,15,3.8
316,Mananjary,MG,2022-02-01 16:33:46,-21.2167,48.3333,76.91,83,12,7.4
317,Pangai,TO,2022-02-01 16:35:19,-19.8,-174.35,79.77,72,10,7.72
318,Sola,VU,2022-02-01 16:34:58,-13.8833,167.55,78.96,86,100,17.4
319,Nantucket,US,2022-02-01 16:35:19,41.2835,-70.0995,39.31,68,100,12.66
320,Puteyets,RU,2022-02-01 16:35:20,65.1716,57.091,-4.18,99,53,3.56
321,Macon,US,2022-02-01 16:35:20,39.8667,-88.9668,49.37,57,100,14.97
322,Palana,RU,2022-02-01 16:35:21,59.1167,159.9667,5.7,89,91,7.72
323,Avarua,CK,2022-02-01 16:35:21,-21.2078,-159.775,78.85,83,20,11.5
324,Sistranda,NO,2022-02-01 16:36:21,63.7256,8.834,24.76,62,100,11.99
325,Labuan,MY,2022-02-01 16:36:21,5.2767,115.2417,82.76,88,20,3.0
326,Charters Towers,AU,2022-02-01 16:32:17,-20.1,146.2667,78.53,79,100,5.99
327,Muravlenko,RU,2022-02-01 16:36:22,63.7898,74.523,-14.01,100,92,4.38
328,Kholodnyy,RU,2022-02-01 16:36:23,62.7167,147.95,-2.11,96,100,4.29
329,Felanitx,ES,2022-02-01 16:36:23,39.4696,3.1483,55.96,70,44,6.96
330,Santa Cruz,BO,2022-02-01 16:32:54,-17.8,-63.1667,86.05,58,75,4.61
331,Bengkulu,ID,2022-02-01 16:36:24,-3.8004,102.2655,73.65,89,100,9.17
332,Baracoa,CU,2022-02-01 16:36:24,20.3467,-74.4958,74.62,78,98,12.53
333,Minbu,MM,2022-02-01 16:36:24,20.1833,94.8833,63.55,48,25,4.9
334,Celestun,MX,2022-02-01 16:36:25,20.8667,-90.4,78.64,58,14,8.43
335,Whitianga,NZ,2022-02-01 16:36:25,-36.8333,175.7,70.02,87,98,11.86
336,Esperance,AU,2022-02-01 16:31:42,-33.8667,121.9,60.64,65,64,16.28
337,Lompoc,US,2022-02-01 16:36:26,34.6391,-120.4579,60.12,69,0,6.91
338,Udachnyy,RU,2022-02-01 16:36:26,66.4167,112.4,-35.86,100,33,2.35
339,Verkhnevilyuysk,RU,2022-02-01 16:36:26,63.4453,120.3167,-29.81,99,58,4.52
340,Sitka,US,2022-02-01 16:36:27,57.0531,-135.33,30.09,86,100,0.0
341,Antiguo Morelos,MX,2022-02-01 16:36:27,22.5495,-99.0812,71.46,55,0,2.71
342,Santa Lucia,ES,2022-02-01 16:36:27,27.9117,-15.5407,61.77,60,0,4.61
343,Price,US,2022-02-01 16:36:08,39.5994,-110.8107,22.26,49,0,13.8
344,Sarakhs,IR,2022-02-01 16:32:25,36.5449,61.1577,53.74,30,100,11.5
345,Iguape,BR,2022-02-01 16:36:28,-24.7081,-47.5553,82.27,70,30,7.65
346,Alta Floresta,BR,2022-02-01 16:36:28,-9.8756,-56.0861,75.25,90,100,1.39
347,Ilulissat,GL,2022-02-01 16:36:29,69.2167,-51.1,3.22,55,75,13.8
348,Poronaysk,RU,2022-02-01 16:36:29,49.2167,143.1167,0.28,92,81,6.15
349,Plouzane,FR,2022-02-01 16:36:29,48.3833,-4.6167,50.09,97,100,12.66
350,Banda Aceh,ID,2022-02-01 16:36:30,5.5577,95.3222,78.42,81,34,5.7
351,Porto Novo,BJ,2022-02-01 16:36:30,6.4965,2.6036,89.42,44,94,9.62
352,Sur,OM,2022-02-01 16:36:30,22.5667,59.5289,74.34,68,0,6.46
353,Volya,RU,2022-02-01 16:36:31,51.7651,39.5404,30.29,87,99,12.12
354,Moba,CN,2022-02-01 16:36:31,33.2288,105.0179,22.21,86,100,5.17
355,Tigzirt,DZ,2022-02-01 16:36:31,36.8886,4.1198,51.49,71,100,10.22
356,Mecca,SA,2022-02-01 16:36:32,21.4267,39.8261,70.05,37,1,6.4
357,Husavik,IS,2022-02-01 16:36:32,66.0449,-17.3389,19.31,80,47,10.76
358,Porto Velho,BR,2022-02-01 16:36:32,-8.7619,-63.9039,86.05,70,75,5.75
359,Belmonte,BR,2022-02-01 16:36:33,-15.8631,-38.8828,84.7,63,28,11.5
360,Molln,DE,2022-02-01 16:36:33,53.6333,10.6833,46.33,83,75,18.41
361,Sibolga,ID,2022-02-01 16:36:33,1.7427,98.7792,74.82,96,100,2.8
362,Alyangula,AU,2022-02-01 16:36:34,-13.8483,136.4192,82.27,83,100,9.22
363,Najran,SA,2022-02-01 16:36:34,17.4924,44.1277,74.05,36,21,7.34
364,Inhambane,MZ,2022-02-01 16:36:34,-23.865,35.3833,84.18,70,20,11.5
365,Tay Ninh,VN,2022-02-01 16:36:35,11.3,106.1,76.64,71,46,7.34
366,Camacha,PT,2022-02-01 16:36:35,33.0833,-16.3333,65.16,72,0,23.02
367,Molochnoye,RU,2022-02-01 16:36:35,59.2917,39.6787,18.16,97,100,2.04
368,Samfya,ZM,2022-02-01 16:37:36,-11.3649,29.5565,68.7,86,75,1.19
369,Kotelnikovo,RU,2022-02-01 16:37:36,47.6317,43.1461,33.21,97,100,12.33
370,Waipawa,NZ,2022-02-01 16:37:36,-41.4122,175.5153,65.44,75,83,6.85
371,Eureka,US,2022-02-01 16:33:20,40.8021,-124.1637,38.59,86,1,1.99
372,Haverfordwest,GB,2022-02-01 16:37:37,51.8017,-4.9691,53.19,88,96,5.01
373,Mehamn,NO,2022-02-01 16:37:37,71.0357,27.8492,21.38,67,0,12.66
374,Tilichiki,RU,2022-02-01 16:37:38,60.4667,166.1,13.6,95,100,12.44
375,Fort-De-France,MQ,2022-02-01 16:37:38,14.6089,-61.0733,85.95,44,75,14.97
376,Dikson,RU,2022-02-01 16:33:07,73.5069,80.5464,1.83,92,100,19.22
377,Bougouni,ML,2022-02-01 16:37:38,11.417,-7.479,92.3,8,71,9.78
378,Wangaratta,AU,2022-02-01 16:37:39,-36.3667,146.3333,61.0,67,0,12.66
379,Novouzensk,RU,2022-02-01 16:37:39,50.4592,48.1431,27.57,93,98,11.21
380,Hambantota,LK,2022-02-01 16:37:39,6.1241,81.1185,76.33,74,7,16.17
381,Erenhot,CN,2022-02-01 16:37:40,43.6475,111.9767,0.46,89,6,5.26
382,Karpathos,GR,2022-02-01 16:37:40,35.507,27.2132,58.96,72,40,19.57
383,Sosnovo-Ozerskoye,RU,2022-02-01 16:37:40,52.5249,111.5418,-24.03,100,86,2.55
384,San Cristobal,VE,2022-02-01 16:37:41,7.7669,-72.225,73.58,32,54,8.3
385,Mashhad,IR,2022-02-01 16:37:41,36.297,59.6062,39.34,93,100,20.71
386,Airai,TL,2022-02-01 16:37:41,-8.9266,125.4092,60.73,85,83,3.53
387,Loandjili,CG,2022-02-01 16:37:41,-4.7561,11.8578,84.31,79,20,12.66
388,Inuvik,CA,2022-02-01 16:37:42,68.3499,-133.7218,-10.34,77,75,4.61
389,Nouadhibou,MR,2022-02-01 16:37:42,20.931,-17.0347,82.38,23,100,9.22
390,Vestmannaeyjar,IS,2022-02-01 16:37:42,63.4427,-20.2734,31.19,93,100,6.91
391,Koungou,YT,2022-02-01 16:37:43,-12.7336,45.2042,83.91,74,0,5.75
392,Ranfurly,NZ,2022-02-01 16:37:43,-45.1333,170.1,61.07,72,97,5.93
393,Merritt Island,US,2022-02-01 16:37:43,28.5392,-80.672,71.15,49,20,9.22
394,Voyvozh,RU,2022-02-01 16:37:44,62.892,54.9635,15.31,94,99,7.87
395,Alcudia,ES,2022-02-01 16:37:44,39.8532,3.1214,57.18,66,18,11.34
396,Klaksvik,FO,2022-02-01 16:37:44,62.2266,-6.589,32.92,73,100,27.67
397,Brawley,US,2022-02-01 16:37:45,32.9787,-115.5303,63.18,62,0,5.75
398,Lasa,IT,2022-02-01 16:37:45,46.6166,10.7002,44.51,94,46,8.12
399,Touros,BR,2022-02-01 16:37:45,-5.1989,-35.4608,90.5,61,10,14.47
400,Olinda,BR,2022-02-01 16:37:46,-8.0089,-34.8553,85.73,66,40,10.36
401,Sangmelima,CM,2022-02-01 16:37:46,2.9333,11.9833,84.0,36,93,5.35
402,Roebourne,AU,2022-02-01 16:37:46,-20.7833,117.1333,88.34,56,100,5.08
403,Alcazar De San Juan,ES,2022-02-01 16:37:47,39.3901,-3.2083,57.58,47,0,13.33
404,Raymond,US,2022-02-01 16:37:47,43.9015,-70.4703,27.99,61,6,3.33
405,Panlaitan,PH,2022-02-01 16:37:47,12.1191,119.8486,80.85,75,88,6.24
406,Lethem,GY,2022-02-01 16:37:48,3.3803,-59.7968,95.05,36,44,11.77
407,Ilhabela,BR,2022-02-01 16:37:48,-23.7781,-45.3581,80.74,80,80,6.87
408,Willmar,US,2022-02-01 16:37:48,45.1219,-95.0433,13.69,79,75,23.02
409,Khandyga,RU,2022-02-01 16:37:49,62.6667,135.6,-27.42,100,100,1.32
410,Piterka,RU,2022-02-01 16:37:49,50.6803,47.4454,27.59,92,100,12.84
411,Micheweni,TZ,2022-02-01 16:37:49,-4.9667,39.8333,80.31,78,23,11.36
412,Calabozo,VE,2022-02-01 16:38:50,8.9242,-67.4293,94.82,31,4,7.47
413,Praia,CV,2022-02-01 16:38:50,14.9215,-23.5087,81.14,57,96,12.66
414,Colares,PT,2022-02-01 16:38:50,38.7992,-9.4469,67.28,35,0,6.91
415,Kysyl-Syr,RU,2022-02-01 16:38:51,63.8986,122.7617,-27.33,98,74,6.22
416,Cap Malheureux,MU,2022-02-01 16:38:51,-19.9842,57.6142,79.47,82,96,13.0
417,Irbeyskoye,RU,2022-02-01 16:38:51,55.6428,95.4522,-7.33,100,89,2.39
418,Pauini,BR,2022-02-01 16:38:52,-7.7136,-66.9764,92.75,45,75,4.03
419,Saint-Louis,SN,2022-02-01 16:38:52,16.3333,-15.0,101.84,7,91,17.78
420,Trincomalee,LK,2022-02-01 16:38:52,8.5711,81.2335,78.24,66,10,9.82
421,Effium,NG,2022-02-01 16:38:53,6.6292,8.0593,95.41,14,2,2.33
422,Krasnyye Chetai,RU,2022-02-01 16:38:54,55.6887,46.1386,27.25,93,100,12.19
423,Saint-Pierre,RE,2022-02-01 16:38:54,-21.3393,55.4781,82.04,78,75,24.16
424,Puri,IN,2022-02-01 16:38:54,19.8,85.85,72.12,73,9,12.48
425,Baykit,RU,2022-02-01 16:38:55,61.67,96.37,-9.63,100,90,0.58
426,Port Hawkesbury,CA,2022-02-01 16:38:55,45.6169,-61.3485,23.92,86,100,8.01
427,Margate,GB,2022-02-01 16:34:26,51.3813,1.3862,57.06,69,76,8.01
428,Phalodi,IN,2022-02-01 16:38:55,27.1333,72.3667,67.51,21,0,6.55
429,Tailai,CN,2022-02-01 16:38:56,46.3833,123.4,-4.2,82,6,5.7
430,Livenka,RU,2022-02-01 16:38:56,50.4491,38.2959,16.84,97,54,7.11
431,Minnedosa,CA,2022-02-01 16:38:56,50.2453,-99.8436,0.16,86,100,20.74
432,San Quintin,MX,2022-02-01 16:38:57,30.4833,-115.95,58.26,75,83,4.97
433,Waitati,NZ,2022-02-01 16:38:57,-45.75,170.5667,61.9,88,83,4.72
434,Pocatello,US,2022-02-01 16:36:38,42.8713,-112.4455,15.48,74,75,4.0
435,Sirnak,TR,2022-02-01 16:38:57,37.5228,42.4594,25.21,76,54,6.89
436,Subate,LV,2022-02-01 16:38:58,56.0062,25.9076,25.34,89,100,7.36
437,Ilihan,PH,2022-02-01 16:38:58,13.6256,121.0753,77.09,85,84,12.5
438,Beyneu,KZ,2022-02-01 16:38:58,45.3167,55.2,32.79,87,63,11.9
439,Itupiranga,BR,2022-02-01 16:38:59,-5.1347,-49.3267,88.12,71,98,0.87
440,Lumut,MY,2022-02-01 16:38:59,4.2323,100.6298,80.62,89,40,2.3
441,Kibala,TD,2022-02-01 16:38:59,9.1104,18.3463,93.15,13,0,4.61
442,Vardo,NO,2022-02-01 16:38:59,70.3705,31.1107,19.15,86,0,11.5
443,Drovyanaya,RU,2022-02-01 16:39:00,51.5833,113.0333,-18.62,99,32,1.95
444,Zhangye,CN,2022-02-01 16:39:00,38.9342,100.4517,19.9,27,87,2.68
445,Rocha,UY,2022-02-01 16:39:00,-34.4833,-54.3333,78.19,34,0,2.98
446,Oranjemund,NA,2022-02-01 16:39:01,-28.55,16.4333,68.7,80,38,12.35
447,Imeni Poliny Osipenko,RU,2022-02-01 16:39:01,52.4201,136.4853,-7.89,100,99,2.26
448,Zemio,CF,2022-02-01 16:39:01,5.0314,25.1361,80.42,23,46,4.36
449,Virginia Beach,US,2022-02-01 16:36:33,36.8529,-75.978,46.06,75,20,14.97
450,Port-Gentil,GA,2022-02-01 16:39:02,-0.7193,8.7815,85.96,74,40,11.5
451,Nelson Bay,AU,2022-02-01 16:39:02,-32.7167,152.15,76.08,93,100,10.33
452,Amazar,RU,2022-02-01 16:39:03,53.858,120.875,-9.15,93,90,4.43
453,Idil,TR,2022-02-01 16:39:03,37.3411,41.8895,38.3,74,34,3.33
454,Hashtrud,IR,2022-02-01 16:39:03,37.4779,47.0508,8.6,96,11,2.15
455,High Rock,BS,2022-02-01 16:39:04,26.6208,-78.2833,69.82,54,33,15.26
456,Lady Frere,ZA,2022-02-01 16:39:04,-31.7031,27.2329,71.13,73,100,6.87
457,Cockburn Town,TC,2022-02-01 16:39:05,21.4612,-71.1419,75.29,74,70,19.66
458,Tymovskoye,RU,2022-02-01 16:39:05,50.8456,142.655,2.53,98,95,2.95
459,Kedrovyy,RU,2022-02-01 16:40:05,56.1667,91.8167,-5.39,95,92,3.83
460,Padang,ID,2022-02-01 16:40:06,-0.9492,100.3543,75.94,92,100,4.92
461,Sao Filipe,CV,2022-02-01 16:40:06,14.8961,-24.4956,75.25,75,100,5.91
462,Hofn,IS,2022-02-01 16:40:06,64.2539,-15.2082,22.59,59,2,8.05
463,Aasiaat,GL,2022-02-01 16:40:06,68.7098,-52.8699,1.9,96,100,6.49
464,Santa Isabel,BR,2022-02-01 16:40:07,-23.3156,-46.2214,78.66,77,98,9.82
465,Boende,CD,2022-02-01 16:40:07,-0.2167,20.8667,84.87,38,22,3.69
466,Waddan,LY,2022-02-01 16:40:08,29.1614,16.139,58.64,19,41,10.49
467,Corinto,GR,2022-02-01 16:38:14,37.9407,22.9573,59.76,69,95,7.45
468,Safranbolu,TR,2022-02-01 16:40:08,41.2508,32.6942,30.11,94,93,2.73
469,Nago,JP,2022-02-01 16:40:08,26.5881,127.9761,64.83,72,100,12.68
470,Adrar,MR,2022-02-01 16:40:09,20.5022,-10.0711,85.53,10,90,15.93
471,Yoro,HN,2022-02-01 16:40:09,15.1333,-87.1333,80.62,51,1,2.8
472,Barentu,ER,2022-02-01 16:40:09,15.1139,37.5928,71.83,45,14,13.87
473,Maldonado,UY,2022-02-01 16:40:10,-34.6667,-54.9167,78.19,28,0,2.66
474,Olafsvik,IS,2022-02-01 16:40:10,64.8945,-23.7142,28.92,87,99,11.79
475,Meulaboh,ID,2022-02-01 16:40:10,4.1363,96.1285,78.06,80,62,0.78
476,Taunggyi,MM,2022-02-01 16:40:11,20.7833,97.0333,47.53,53,15,3.47
477,Farafangana,MG,2022-02-01 16:40:11,-22.8167,47.8333,76.23,80,3,8.37
478,Matane,CA,2022-02-01 16:40:11,48.8286,-67.522,2.95,79,31,0.69
479,Bonavista,CA,2022-02-01 16:37:30,48.6499,-53.1147,28.11,54,27,20.45
480,Mayumba,GA,2022-02-01 16:40:12,-3.432,10.6554,80.44,81,56,6.26
481,Maues,BR,2022-02-01 16:40:12,-3.3836,-57.7186,84.45,69,93,4.79
482,Grand Gaube,MU,2022-02-01 16:40:13,-20.0064,57.6608,79.38,82,97,15.99
483,Salama,HN,2022-02-01 16:40:00,14.8333,-86.5833,79.3,48,20,4.09
484,Ayan,RU,2022-02-01 16:40:13,56.45,138.1667,-3.23,71,94,13.04
485,Lucea,JM,2022-02-01 16:40:13,18.451,-78.1736,82.85,69,50,17.92
486,Dunedin,NZ,2022-02-01 16:40:14,-45.8742,170.5036,61.52,88,82,8.23
487,Springbok,ZA,2022-02-01 16:40:14,-29.6643,17.8865,74.05,58,17,9.15
488,Bilma,NE,2022-02-01 16:40:14,18.6853,12.9164,63.79,15,0,6.15
489,Kisangani,CD,2022-02-01 16:40:15,0.5167,25.2,76.12,64,99,3.2
490,Oliveirinha,PT,2022-02-01 16:40:15,40.6072,-8.592,65.75,41,0,6.29
491,Jutai,BR,2022-02-01 16:40:15,-5.1833,-68.9,85.8,67,45,3.69
492,Moindou,NC,2022-02-01 16:40:16,-21.6924,165.677,73.35,88,45,5.14
493,Slave Lake,CA,2022-02-01 16:40:16,55.2834,-114.769,-5.82,77,100,11.5
494,Monteagudo,BO,2022-02-01 16:40:16,-19.8167,-63.9833,73.18,91,100,2.3
495,Maraa,BR,2022-02-01 16:40:17,-1.8333,-65.3667,90.39,51,46,6.31
496,Mahanoro,MG,2022-02-01 16:40:17,-19.9,48.8,75.87,86,38,8.14
497,Diego De Almagro,CL,2022-02-01 16:40:17,-26.3667,-70.05,80.2,23,0,12.01
498,Luau,AO,2022-02-01 16:40:17,-10.7073,22.2247,68.4,94,100,3.36
499,Swan River,CA,2022-02-01 16:40:18,52.1058,-101.2676,-5.91,65,100,10.36
500,Berlevag,NO,2022-02-01 16:40:18,70.8578,29.0864,19.2,53,0,5.75
501,Cerro Punta,PA,2022-02-01 16:40:18,8.85,-82.5667,63.64,32,4,2.86
502,Buchanan,LR,2022-02-01 16:40:19,5.8808,-10.0467,89.56,67,68,13.06
503,Awjilah,LY,2022-02-01 16:40:19,29.1081,21.2869,60.96,33,76,10.0
504,Cururupu,BR,2022-02-01 16:40:19,-1.8283,-44.8683,88.12,57,86,8.01
505,Mosquera,CO,2022-02-01 16:35:40,4.7059,-74.2302,66.29,39,75,4.61
506,Mount Isa,AU,2022-02-01 16:41:20,-20.7333,139.5,78.57,83,57,5.75
507,Vitim,RU,2022-02-01 16:41:20,59.4511,112.5578,-2.97,99,100,3.6
508,Tual,ID,2022-02-01 16:41:20,-5.6667,132.75,83.34,74,100,14.0
509,Cherepanovo,RU,2022-02-01 16:41:21,54.2222,83.381,1.96,100,99,5.95
510,Stornoway,GB,2022-02-01 16:41:21,58.2093,-6.3865,44.56,82,20,7.0
511,Nizhniy Ingash,RU,2022-02-01 16:41:21,56.2,96.53,-6.54,100,91,2.08
512,Liverpool,GB,2022-02-01 16:41:22,53.4106,-2.9779,54.14,86,75,10.0
513,Hidas,HU,2022-02-01 16:41:22,46.2568,18.4954,38.05,73,36,5.1
514,Talant,FR,2022-02-01 16:41:22,47.3369,5.0089,38.01,93,100,10.36
515,Lorengau,PG,2022-02-01 16:41:23,-2.0226,147.2712,78.42,86,100,9.48
516,Cravo Norte,CO,2022-02-01 16:41:23,6.3017,-70.2041,95.61,26,79,9.48
517,Ketchikan,US,2022-02-01 16:41:23,55.3422,-131.6461,30.67,86,0,4.61
518,Praia Da Vitoria,PT,2022-02-01 16:41:24,38.7333,-27.0667,63.75,77,40,15.23
519,Balkhash,KZ,2022-02-01 16:41:24,46.844,74.9804,9.18,84,19,10.51
520,Bowen,AU,2022-02-01 16:41:24,-20.0167,148.2333,77.22,81,85,3.67
521,Choya,RU,2022-02-01 16:41:25,52.0108,86.5467,5.07,99,77,3.51
522,Ati,TD,2022-02-01 16:41:25,13.2154,18.3353,73.0,15,1,7.63
523,Altinho,BR,2022-02-01 16:41:25,-8.4897,-36.0594,88.68,38,43,12.57
524,Huambo,AO,2022-02-01 16:41:26,-12.7761,15.7392,68.34,63,97,8.16
525,Krasnaya Gora,RU,2022-02-01 16:41:26,52.9995,31.6023,26.51,94,100,10.27
526,Half Moon Bay,US,2022-02-01 16:41:26,37.4636,-122.4286,52.02,58,0,1.99
527,Timmins,CA,2022-02-01 16:37:01,48.4669,-81.3331,26.42,68,100,20.71
528,Jinchang,CN,2022-02-01 16:41:27,38.4953,102.1739,20.01,33,20,2.39
529,Roald,NO,2022-02-01 16:41:27,62.5833,6.1333,35.33,100,100,13.8
530,Hun,LY,2022-02-01 16:41:27,29.1268,15.9477,59.34,18,51,10.63
531,Tagusao,PH,2022-02-01 16:41:27,9.1924,117.8141,77.72,86,61,5.08
532,Asyut,EG,2022-02-01 16:41:28,27.181,31.1837,62.78,40,0,2.57
533,Manokwari,ID,2022-02-01 16:41:28,-0.8667,134.0833,77.18,84,100,9.33
534,Dicabisagan,PH,2022-02-01 16:41:28,17.0818,122.4157,72.5,83,79,4.43
535,Luena,AO,2022-02-01 16:41:29,-11.7833,19.9167,68.9,77,79,4.45
536,Sesheke,ZM,2022-02-01 16:41:29,-17.4759,24.2968,69.15,82,59,4.25
537,Sao Paulo De Olivenca,BR,2022-02-01 16:41:29,-3.3783,-68.8725,90.3,56,76,2.21
538,Sao Jose Da Coroa Grande,BR,2022-02-01 16:41:30,-8.8978,-35.1478,84.76,63,8,9.57
539,Londoko,RU,2022-02-01 16:41:30,49.0333,131.9833,-13.54,99,7,3.51
540,Honiara,SB,2022-02-01 16:41:30,-9.4333,159.95,77.41,87,100,1.05
541,Samarai,PG,2022-02-01 16:40:01,-10.6167,150.6667,81.32,77,99,14.83
542,Ardakan,IR,2022-02-01 16:39:04,32.31,54.0175,44.98,63,51,6.15
543,Newport,GB,2022-02-01 16:41:31,51.5877,-2.9984,56.25,79,100,1.99
544,Santa Vitoria Do Palmar,BR,2022-02-01 16:41:31,-33.5189,-53.3681,75.63,39,0,3.18
545,Port Hardy,CA,2022-02-01 16:41:31,50.6996,-127.4199,37.76,100,75,5.75
546,Mogadishu,SO,2022-02-01 16:41:32,2.0371,45.3438,78.71,85,100,17.56
547,Ust-Kuyga,RU,2022-02-01 16:41:32,70.0167,135.6,-16.89,95,100,1.45
548,Geraldton,AU,2022-02-01 16:38:48,-28.7667,114.6,84.61,28,98,12.66
549,Sao Joao Da Barra,BR,2022-02-01 16:41:32,-21.6403,-41.0511,91.49,80,99,7.09
550,San Borja,BO,2022-02-01 16:41:33,-14.8167,-66.85,73.9,97,100,5.37
551,Buala,SB,2022-02-01 16:38:08,-8.145,159.5921,80.28,82,96,4.94
552,Alpena,US,2022-02-01 16:41:33,45.0617,-83.4327,36.1,63,20,3.0
553,Fukue,JP,2022-02-01 16:41:34,32.6881,128.8419,44.49,61,13,18.25
554,Pacasmayo,PE,2022-02-01 16:41:34,-7.4006,-79.5714,75.97,66,67,12.19
555,Cayenne,GF,2022-02-01 16:42:34,4.9333,-52.3333,75.24,94,75,5.75
556,Uige,AO,2022-02-01 16:42:35,-7.6087,15.0613,71.4,91,47,3.38
557,Neiafu,TO,2022-02-01 16:42:35,-18.65,-173.9833,72.28,94,20,0.0
558,Buraydah,SA,2022-02-01 16:38:02,26.326,43.975,57.65,30,0,8.72
559,Tres Picos,MX,2022-02-01 16:42:36,15.8667,-93.5333,84.34,55,0,7.67
560,Mogadouro,PT,2022-02-01 16:40:32,41.3403,-6.7119,52.79,59,0,8.16
561,Itapetininga,BR,2022-02-01 16:42:36,-23.5917,-48.0531,76.6,75,94,7.14
562,Ternate,ID,2022-02-01 16:42:36,0.8,127.4,79.32,76,100,7.7
563,Escanaba,US,2022-02-01 16:42:37,45.7453,-87.0646,39.63,75,0,6.91
564,Takoradi,GH,2022-02-01 16:42:37,4.8845,-1.7554,83.01,67,7,12.55
565,Coihaique,CL,2022-02-01 16:42:37,-45.5752,-72.0662,67.95,45,75,9.22
566,Ust-Omchug,RU,2022-02-01 16:42:38,61.15,149.6333,-6.0,96,100,7.72
567,Gao,ML,2022-02-01 16:42:38,16.6362,1.637,78.21,7,20,12.41
568,Emba,KZ,2022-02-01 16:42:38,48.8264,58.1442,21.69,81,100,10.51
569,Cradock,ZA,2022-02-01 16:42:39,-32.1642,25.6192,75.74,63,100,14.58
570,Bloemfontein,ZA,2022-02-01 16:42:39,-29.1211,26.214,78.28,50,20,5.75
571,Igarka,RU,2022-02-01 16:42:39,67.4667,86.5833,8.74,94,100,14.09
